depto,mupio,sector,c02act,c02a01
1,5,50,1,1
1,5,50,2,2
1,5,50,3,2
1,5,50,4,2
1,5,50,5,2
1,5,50,6,2
1,5,50,7,2
1,5,50,8,2
1,6,8,1,2
1,6,8,2,2
1,6,8,3,2
1,6,8,4,1
1,6,8,5,2
1,6,8,6,2
1,6,8,7,2
1,6,8,8,2
1,6,18,1,1
1,6,18,2,1
1,6,18,3,2
1,6,18,4,2
1,6,18,5,2
1,6,18,6,2
1,6,18,7,2
1,6,18,8,2
1,6,78,1,1
1,6,78,2,1
1,6,78,3,2
1,6,78,4,2
1,6,78,5,2
1,6,78,6,2
1,6,78,7,2
1,6,78,8,2
1,7,17,1,1
1,7,17,2,2
1,7,17,3,2
1,7,17,4,2
1,7,17,5,2
1,7,17,6,2
1,7,17,7,2
1,7,17,8,2
1,7,49,1,1
1,7,49,2,2
1,7,49,3,2
1,7,49,4,2
1,7,49,5,2
1,7,49,6,2
1,7,49,7,2
1,7,49,8,2
1,7,139,1,1
1,7,139,2,2
1,7,139,3,2
1,7,139,4,2
1,7,139,5,2
1,7,139,6,2
1,7,139,7,2
1,7,139,8,2
1,7,141,1,2
1,7,141,2,1
1,7,141,3,2
1,7,141,4,2
1,7,141,5,2
1,7,141,6,2
1,7,141,7,2
1,7,141,8,2
1,8,1,1,1
1,8,1,2,2
1,8,1,3,2
1,8,1,4,2
1,8,1,5,2
1,8,1,6,2
1,8,1,7,2
1,8,1,8,2
1,12,24,1,1
1,12,24,2,2
1,12,24,3,2
1,12,24,4,2
1,12,24,5,2
1,12,24,6,2
1,12,24,7,2
1,12,24,8,2
1,12,58,1,1
1,12,58,2,1
1,12,58,3,2
1,12,58,4,2
1,12,58,5,2
1,12,58,6,2
1,12,58,7,2
1,12,58,8,2
1,16,10,1,1
1,16,10,2,1
1,16,10,3,1
1,16,10,4,2
1,16,10,5,2
1,16,10,6,2
1,16,10,7,2
1,16,10,8,2
1,18,56,1,1
1,18,56,2,2
1,18,56,3,2
1,18,56,4,2
1,18,56,5,2
1,18,56,6,2
1,18,56,7,2
1,18,56,8,2
1,18,71,1,1
1,18,71,2,2
1,18,71,3,1
1,18,71,4,1
1,18,71,5,2
1,18,71,6,2
1,18,71,7,2
1,18,71,8,2
1,18,76,1,1
1,18,76,2,1
1,18,76,3,2
1,18,76,4,1
1,18,76,5,2
1,18,76,6,2
1,18,76,7,2
1,18,76,8,2
1,18,106,1,1
1,18,106,2,2
1,18,106,3,1
1,18,106,4,1
1,18,106,5,2
1,18,106,6,2
1,18,106,7,2
1,18,106,8,2
1,18,136,1,2
1,18,136,2,1
1,18,136,3,2
1,18,136,4,2
1,18,136,5,2
1,18,136,6,2
1,18,136,7,2
1,18,136,8,2
1,18,137,1,1
1,18,137,2,2
1,18,137,3,2
1,18,137,4,2
1,18,137,5,2
1,18,137,6,2
1,18,137,7,2
1,18,137,8,2
1,19,13,1,1
1,19,13,2,2
1,19,13,3,2
1,19,13,4,2
1,19,13,5,2
1,19,13,6,2
1,19,13,7,2
1,19,13,8,2
1,26,1,1,2
1,26,1,2,1
1,26,1,3,2
1,26,1,4,1
1,26,1,5,2
1,26,1,6,2
1,26,1,7,2
1,26,1,8,2
1,26,19,1,1
1,26,19,2,1
1,26,19,3,1
1,26,19,4,1
1,26,19,5,2
1,26,19,6,2
1,26,19,7,2
1,26,19,8,2
1,27,45,1,1
1,27,45,2,2
1,27,45,3,2
1,27,45,4,1
1,27,45,5,2
1,27,45,6,2
1,27,45,7,2
1,27,45,8,2
1,28,7,1,1
1,28,7,2,2
1,28,7,3,1
1,28,7,4,2
1,28,7,5,2
1,28,7,6,2
1,28,7,7,2
1,28,7,8,2
1,29,60,1,1
1,29,60,2,1
1,29,60,3,1
1,29,60,4,1
1,29,60,5,2
1,29,60,6,2
1,29,60,7,2
1,29,60,8,2
1,29,68,1,1
1,29,68,2,2
1,29,68,3,2
1,29,68,4,2
1,29,68,5,2
1,29,68,6,2
1,29,68,7,2
1,29,68,8,2
1,29,72,1,1
1,29,72,2,1
1,29,72,3,2
1,29,72,4,2
1,29,72,5,2
1,29,72,6,2
1,29,72,7,2
1,29,72,8,2
1,29,82,1,2
1,29,82,2,1
1,29,82,3,2
1,29,82,4,2
1,29,82,5,2
1,29,82,6,2
1,29,82,7,2
1,29,82,8,2
1,29,122,1,1
1,29,122,2,1
1,29,122,3,2
1,29,122,4,2
1,29,122,5,2
1,29,122,6,2
1,29,122,7,2
1,29,122,8,2
1,29,159,1,1
1,29,159,2,1
1,29,159,3,2
1,29,159,4,2
1,29,159,5,2
1,29,159,6,2
1,29,159,7,2
1,29,159,8,2
1,29,356,1,1
1,29,356,2,2
1,29,356,3,2
1,29,356,4,1
1,29,356,5,2
1,29,356,6,2
1,29,356,7,2
1,29,356,8,2
1,29,371,1,1
1,29,371,2,2
1,29,371,3,2
1,29,371,4,2
1,29,371,5,2
1,29,371,6,2
1,29,371,7,2
1,29,371,8,2
1,29,380,1,1
1,29,380,2,2
1,29,380,3,2
1,29,380,4,2
1,29,380,5,2
1,29,380,6,2
1,29,380,7,2
1,29,380,8,2
1,31,21,1,2
1,31,21,2,1
1,31,21,3,2
1,31,21,4,1
1,31,21,5,2
1,31,21,6,2
1,31,21,7,2
1,31,21,8,2
1,31,58,1,2
1,31,58,2,1
1,31,58,3,2
1,31,58,4,1
1,31,58,5,2
1,31,58,6,2
1,31,58,7,2
1,31,58,8,2
1,31,100,1,2
1,31,100,2,1
1,31,100,3,2
1,31,100,4,2
1,31,100,5,2
1,31,100,6,2
1,31,100,7,2
1,31,100,8,2
1,31,107,1,1
1,31,107,2,1
1,31,107,3,2
1,31,107,4,2
1,31,107,5,2
1,31,107,6,2
1,31,107,7,2
1,31,107,8,2
1,31,121,1,2
1,31,121,2,1
1,31,121,3,1
1,31,121,4,1
1,31,121,5,2
1,31,121,6,2
1,31,121,7,2
1,31,121,8,2
1,31,141,1,1
1,31,141,2,1
1,31,141,3,2
1,31,141,4,2
1,31,141,5,2
1,31,141,6,2
1,31,141,7,2
1,31,141,8,2
1,31,143,1,1
1,31,143,2,1
1,31,143,3,2
1,31,143,4,2
1,31,143,5,2
1,31,143,6,2
1,31,143,7,2
1,31,143,8,2
1,33,1,1,1
1,33,1,2,1
1,33,1,3,1
1,33,1,4,1
1,33,1,5,2
1,33,1,6,2
1,33,1,7,2
1,33,1,8,2
1,33,12,1,2
1,33,12,2,1
1,33,12,3,1
1,33,12,4,1
1,33,12,5,2
1,33,12,6,2
1,33,12,7,2
1,33,12,8,2
1,36,67,1,2
1,36,67,2,1
1,36,67,3,2
1,36,67,4,2
1,36,67,5,2
1,36,67,6,2
1,36,67,7,2
1,36,67,8,2
1,36,107,1,1
1,36,107,2,1
1,36,107,3,2
1,36,107,4,2
1,36,107,5,2
1,36,107,6,2
1,36,107,7,2
1,36,107,8,2
1,36,235,1,2
1,36,235,2,1
1,36,235,3,2
1,36,235,4,2
1,36,235,5,2
1,36,235,6,2
1,36,235,7,2
1,36,235,8,2
1,37,19,1,2
1,37,19,2,1
1,37,19,3,2
1,37,19,4,2
1,37,19,5,2
1,37,19,6,2
1,37,19,7,2
1,37,19,8,2
2,5,2,1,1
2,5,2,2,2
2,5,2,3,2
2,5,2,4,1
2,5,2,5,2
2,5,2,6,1
2,5,2,7,2
2,5,2,8,2
2,5,7,1,2
2,5,7,2,1
2,5,7,3,2
2,5,7,4,1
2,5,7,5,2
2,5,7,6,1
2,5,7,7,2
2,5,7,8,2
2,5,15,1,2
2,5,15,2,1
2,5,15,3,1
2,5,15,4,1
2,5,15,5,2
2,5,15,6,2
2,5,15,7,2
2,5,15,8,2
2,7,4,1,1
2,7,4,2,2
2,7,4,3,1
2,7,4,4,1
2,7,4,5,2
2,7,4,6,1
2,7,4,7,2
2,7,4,8,2
2,8,10,1,2
2,8,10,2,1
2,8,10,3,1
2,8,10,4,1
2,8,10,5,2
2,8,10,6,2
2,8,10,7,2
2,8,10,8,2
2,8,14,1,2
2,8,14,2,2
2,8,14,3,1
2,8,14,4,2
2,8,14,5,2
2,8,14,6,2
2,8,14,7,2
2,8,14,8,2
3,1,38,1,1
3,1,38,2,1
3,1,38,3,2
3,1,38,4,1
3,1,38,5,2
3,1,38,6,2
3,1,38,7,2
3,1,38,8,2
3,2,13,1,1
3,2,13,2,2
3,2,13,3,2
3,2,13,4,2
3,2,13,5,2
3,2,13,6,2
3,2,13,7,2
3,2,13,8,2
3,4,10,1,2
3,4,10,2,2
3,4,10,3,1
3,4,10,4,2
3,4,10,5,2
3,4,10,6,2
3,4,10,7,2
3,4,10,8,2
3,6,8,1,1
3,6,8,2,1
3,6,8,3,1
3,6,8,4,1
3,6,8,5,2
3,6,8,6,2
3,6,8,7,2
3,6,8,8,2
3,7,2,1,1
3,7,2,2,2
3,7,2,3,2
3,7,2,4,2
3,7,2,5,2
3,7,2,6,2
3,7,2,7,2
3,7,2,8,2
3,8,6,1,1
3,8,6,2,1
3,8,6,3,1
3,8,6,4,2
3,8,6,5,2
3,8,6,6,2
3,8,6,7,2
3,8,6,8,2
3,8,10,1,2
3,8,10,2,1
3,8,10,3,1
3,8,10,4,2
3,8,10,5,2
3,8,10,6,2
3,8,10,7,2
3,8,10,8,2
3,9,6,1,1
3,9,6,2,1
3,9,6,3,1
3,9,6,4,2
3,9,6,5,2
3,9,6,6,2
3,9,6,7,2
3,9,6,8,2
3,15,3,1,1
3,15,3,2,1
3,15,3,3,2
3,15,3,4,1
3,15,3,5,2
3,15,3,6,2
3,15,3,7,2
3,15,3,8,2
4,1,1,1,1
4,1,1,2,1
4,1,1,3,1
4,1,1,4,2
4,1,1,5,2
4,1,1,6,2
4,1,1,7,2
4,1,1,8,2
4,1,5,1,2
4,1,5,2,1
4,1,5,3,2
4,1,5,4,1
4,1,5,5,2
4,1,5,6,2
4,1,5,7,2
4,1,5,8,2
4,1,6,1,1
4,1,6,2,1
4,1,6,3,2
4,1,6,4,1
4,1,6,5,2
4,1,6,6,2
4,1,6,7,2
4,1,6,8,2
4,1,19,1,2
4,1,19,2,1
4,1,19,3,2
4,1,19,4,1
4,1,19,5,2
4,1,19,6,2
4,1,19,7,2
4,1,19,8,2
4,1,20,1,2
4,1,20,2,1
4,1,20,3,2
4,1,20,4,2
4,1,20,5,2
4,1,20,6,2
4,1,20,7,2
4,1,20,8,2
4,1,37,1,1
4,1,37,2,1
4,1,37,3,1
4,1,37,4,1
4,1,37,5,2
4,1,37,6,2
4,1,37,7,2
4,1,37,8,2
4,1,39,1,1
4,1,39,2,1
4,1,39,3,2
4,1,39,4,1
4,1,39,5,2
4,1,39,6,2
4,1,39,7,2
4,1,39,8,2
4,1,42,1,2
4,1,42,2,1
4,1,42,3,2
4,1,42,4,1
4,1,42,5,2
4,1,42,6,2
4,1,42,7,2
4,1,42,8,2
4,1,44,1,1
4,1,44,2,2
4,1,44,3,1
4,1,44,4,1
4,1,44,5,2
4,1,44,6,2
4,1,44,7,2
4,1,44,8,2
4,3,4,1,1
4,3,4,2,1
4,3,4,3,2
4,3,4,4,2
4,3,4,5,2
4,3,4,6,2
4,3,4,7,2
4,3,4,8,2
4,3,8,1,1
4,3,8,2,1
4,3,8,3,2
4,3,8,4,1
4,3,8,5,2
4,3,8,6,2
4,3,8,7,2
4,3,8,8,2
4,3,37,1,1
4,3,37,2,1
4,3,37,3,2
4,3,37,4,1
4,3,37,5,2
4,3,37,6,2
4,3,37,7,2
4,3,37,8,2
4,4,13,1,1
4,4,13,2,1
4,4,13,3,2
4,4,13,4,1
4,4,13,5,2
4,4,13,6,2
4,4,13,7,2
4,4,13,8,2
4,4,21,1,2
4,4,21,2,1
4,4,21,3,2
4,4,21,4,1
4,4,21,5,2
4,4,21,6,2
4,4,21,7,2
4,4,21,8,2
4,4,22,1,2
4,4,22,2,1
4,4,22,3,2
4,4,22,4,1
4,4,22,5,2
4,4,22,6,2
4,4,22,7,2
4,4,22,8,2
4,4,23,1,2
4,4,23,2,1
4,4,23,3,2
4,4,23,4,1
4,4,23,5,2
4,4,23,6,2
4,4,23,7,2
4,4,23,8,2
4,4,26,1,2
4,4,26,2,1
4,4,26,3,2
4,4,26,4,1
4,4,26,5,2
4,4,26,6,2
4,4,26,7,2
4,4,26,8,2
4,4,33,1,1
4,4,33,2,1
4,4,33,3,2
4,4,33,4,1
4,4,33,5,2
4,4,33,6,2
4,4,33,7,2
4,4,33,8,2
4,5,7,1,2
4,5,7,2,1
4,5,7,3,2
4,5,7,4,1
4,5,7,5,2
4,5,7,6,2
4,5,7,7,2
4,5,7,8,1
4,6,22,1,2
4,6,22,2,1
4,6,22,3,2
4,6,22,4,1
4,6,22,5,2
4,6,22,6,2
4,6,22,7,2
4,6,22,8,2
4,6,26,1,1
4,6,26,2,2
4,6,26,3,2
4,6,26,4,1
4,6,26,5,2
4,6,26,6,2
4,6,26,7,2
4,6,26,8,2
4,6,31,1,1
4,6,31,2,1
4,6,31,3,1
4,6,31,4,1
4,6,31,5,2
4,6,31,6,2
4,6,31,7,2
4,6,31,8,2
4,6,37,1,2
4,6,37,2,1
4,6,37,3,2
4,6,37,4,1
4,6,37,5,2
4,6,37,6,2
4,6,37,7,2
4,6,37,8,2
4,7,15,1,1
4,7,15,2,1
4,7,15,3,2
4,7,15,4,2
4,7,15,5,2
4,7,15,6,2
4,7,15,7,2
4,7,15,8,2
4,7,19,1,2
4,7,19,2,1
4,7,19,3,1
4,7,19,4,1
4,7,19,5,2
4,7,19,6,2
4,7,19,7,2
4,7,19,8,2
4,7,32,1,2
4,7,32,2,1
4,7,32,3,1
4,7,32,4,1
4,7,32,5,2
4,7,32,6,2
4,7,32,7,2
4,7,32,8,2
4,8,14,1,2
4,8,14,2,1
4,8,14,3,1
4,8,14,4,1
4,8,14,5,2
4,8,14,6,2
4,8,14,7,2
4,8,14,8,2
4,9,13,1,1
4,9,13,2,1
4,9,13,3,2
4,9,13,4,1
4,9,13,5,2
4,9,13,6,2
4,9,13,7,2
4,9,13,8,2
4,9,14,1,2
4,9,14,2,1
4,9,14,3,2
4,9,14,4,1
4,9,14,5,2
4,9,14,6,2
4,9,14,7,2
4,9,14,8,2
4,10,2,8,2
4,10,2,1,1
4,10,2,2,1
4,10,2,3,1
4,10,2,4,2
4,10,2,5,2
4,10,2,6,2
4,10,2,7,2
4,10,2,8,2
4,11,8,1,2
4,11,8,2,2
4,11,8,3,2
4,11,8,4,1
4,11,8,5,2
4,11,8,6,2
4,11,8,7,2
4,11,8,8,2
4,12,3,1,1
4,12,3,2,1
4,12,3,3,2
4,12,3,4,2
4,12,3,5,2
4,12,3,6,2
4,12,3,7,2
4,12,3,8,2
4,12,12,1,2
4,12,12,2,1
4,12,12,3,2
4,12,12,4,1
4,12,12,5,2
4,12,12,6,2
4,12,12,7,2
4,12,12,8,2
4,12,13,1,2
4,12,13,2,1
4,12,13,3,2
4,12,13,4,1
4,12,13,5,2
4,12,13,6,2
4,12,13,7,2
4,12,13,8,2
4,13,15,1,2
4,13,15,2,1
4,13,15,3,2
4,13,15,4,1
4,13,15,5,2
4,13,15,6,2
4,13,15,7,2
4,13,15,8,2
4,13,18,1,1
4,13,18,2,1
4,13,18,3,1
4,13,18,4,2
4,13,18,5,2
4,13,18,6,2
4,13,18,7,2
4,13,18,8,2
4,15,10,1,2
4,15,10,2,1
4,15,10,3,2
4,15,10,4,1
4,15,10,5,2
4,15,10,6,2
4,15,10,7,2
4,15,10,8,2
4,15,12,1,2
4,15,12,2,1
4,15,12,3,2
4,15,12,4,1
4,15,12,5,2
4,15,12,6,2
4,15,12,7,2
4,15,12,8,2
4,15,13,1,1
4,15,13,2,1
4,15,13,3,2
4,15,13,4,1
4,15,13,5,2
4,15,13,6,2
4,15,13,7,2
4,15,13,8,2
4,16,1,1,1
4,16,1,2,2
4,16,1,3,2
4,16,1,4,2
4,16,1,5,2
4,16,1,6,2
4,16,1,7,2
4,16,1,8,2
5,1,17,1,1
5,1,17,2,2
5,1,17,3,2
5,1,17,4,2
5,1,17,5,2
5,1,17,6,2
5,1,17,7,2
5,1,17,8,2
5,1,52,1,1
5,1,52,2,2
5,1,52,3,2
5,1,52,4,2
5,1,52,5,2
5,1,52,6,2
5,1,52,7,2
5,1,52,8,2
5,1,62,1,1
5,1,62,2,1
5,1,62,3,2
5,1,62,4,2
5,1,62,5,2
5,1,62,6,2
5,1,62,7,2
5,1,62,8,2
5,1,69,1,1
5,1,69,2,1
5,1,69,3,2
5,1,69,4,2
5,1,69,5,2
5,1,69,6,2
5,1,69,7,2
5,1,69,8,2
5,1,76,1,2
5,1,76,2,1
5,1,76,3,2
5,1,76,4,2
5,1,76,5,2
5,1,76,6,2
5,1,76,7,2
5,1,76,8,2
5,1,84,1,1
5,1,84,2,2
5,1,84,3,2
5,1,84,4,1
5,1,84,5,2
5,1,84,6,2
5,1,84,7,2
5,1,84,8,2
5,1,87,1,2
5,1,87,2,1
5,1,87,3,2
5,1,87,4,1
5,1,87,5,2
5,1,87,6,2
5,1,87,7,2
5,1,87,8,2
5,1,120,1,2
5,1,120,2,2
5,1,120,3,1
5,1,120,4,1
5,1,120,5,2
5,1,120,6,2
5,1,120,7,2
5,1,120,8,2
5,2,21,1,2
5,2,21,2,1
5,2,21,3,1
5,2,21,4,1
5,2,21,5,2
5,2,21,6,2
5,2,21,7,2
5,2,21,8,2
5,2,43,1,2
5,2,43,2,1
5,2,43,3,2
5,2,43,4,1
5,2,43,5,2
5,2,43,6,2
5,2,43,7,2
5,2,43,8,2
5,2,49,1,2
5,2,49,2,1
5,2,49,3,2
5,2,49,4,1
5,2,49,5,2
5,2,49,6,2
5,2,49,7,2
5,2,49,8,2
5,2,62,1,2
5,2,62,2,2
5,2,62,3,2
5,2,62,4,2
5,2,62,5,2
5,2,62,6,2
5,2,62,7,2
5,2,62,8,2
5,2,63,1,2
5,2,63,2,1
5,2,63,3,2
5,2,63,4,1
5,2,63,5,1
5,2,63,6,2
5,2,63,7,2
5,2,63,8,2
5,3,13,1,1
5,3,13,2,2
5,3,13,3,2
5,3,13,4,2
5,3,13,5,2
5,3,13,6,2
5,3,13,7,2
5,3,13,8,2
5,6,7,1,1
5,6,7,2,1
5,6,7,3,2
5,6,7,4,2
5,6,7,5,2
5,6,7,6,2
5,6,7,7,2
5,6,7,8,2
5,6,23,1,2
5,6,23,2,1
5,6,23,3,2
5,6,23,4,2
5,6,23,5,2
5,6,23,6,2
5,6,23,7,2
5,6,23,8,2
5,6,26,1,2
5,6,26,2,1
5,6,26,3,2
5,6,26,4,1
5,6,26,5,2
5,6,26,6,2
5,6,26,7,2
5,6,26,8,2
5,6,34,1,2
5,6,34,2,1
5,6,34,3,2
5,6,34,4,2
5,6,34,5,2
5,6,34,6,2
5,6,34,7,2
5,6,34,8,2
5,6,43,1,2
5,6,43,2,1
5,6,43,3,2
5,6,43,4,2
5,6,43,5,2
5,6,43,6,2
5,6,43,7,2
5,6,43,8,2
5,7,17,1,1
5,7,17,2,2
5,7,17,3,2
5,7,17,4,2
5,7,17,5,2
5,7,17,6,2
5,7,17,7,2
5,7,17,8,2
5,7,41,1,1
5,7,41,2,2
5,7,41,3,2
5,7,41,4,2
5,7,41,5,1
5,7,41,6,2
5,7,41,7,2
5,7,41,8,2
5,7,49,1,1
5,7,49,2,1
5,7,49,3,1
5,7,49,4,1
5,7,49,5,1
5,7,49,6,2
5,7,49,7,2
5,7,49,8,2
5,9,16,1,1
5,9,16,2,1
5,9,16,3,2
5,9,16,4,2
5,9,16,5,2
5,9,16,6,2
5,9,16,7,2
5,9,16,8,2
5,9,40,1,2
5,9,40,2,1
5,9,40,3,2
5,9,40,4,1
5,9,40,5,2
5,9,40,6,2
5,9,40,7,2
5,9,40,8,2
5,11,22,1,2
5,11,22,2,1
5,11,22,3,2
5,11,22,4,2
5,11,22,5,2
5,11,22,6,2
5,11,22,7,2
5,11,22,8,2
5,12,8,1,2
5,12,8,2,1
5,12,8,3,1
5,12,8,4,1
5,12,8,5,2
5,12,8,6,2
5,12,8,7,2
5,12,8,8,2
5,12,11,1,1
5,12,11,2,1
5,12,11,3,1
5,12,11,4,1
5,12,11,5,2
5,12,11,6,2
5,12,11,7,2
5,12,11,8,2
5,13,35,1,1
5,13,35,2,1
5,13,35,3,2
5,13,35,4,2
5,13,35,5,2
5,13,35,6,2
5,13,35,7,2
5,13,35,8,2
5,13,44,1,1
5,13,44,2,1
5,13,44,3,1
5,13,44,4,1
5,13,44,5,2
5,13,44,6,2
5,13,44,7,2
5,13,44,8,2
5,13,54,1,1
5,13,54,2,2
5,13,54,3,2
5,13,54,4,1
5,13,54,5,2
5,13,54,6,2
5,13,54,7,2
5,13,54,8,2
6,1,10,1,1
6,1,10,2,1
6,1,10,3,1
6,1,10,4,1
6,1,10,5,1
6,1,10,6,2
6,1,10,7,2
6,1,10,8,2
6,2,33,1,1
6,2,33,2,1
6,2,33,3,2
6,2,33,4,2
6,2,33,5,2
6,2,33,6,2
6,2,33,7,2
6,2,33,8,2
6,5,3,1,1
6,5,3,2,1
6,5,3,3,1
6,5,3,4,1
6,5,3,5,1
6,5,3,6,2
6,5,3,7,2
6,5,3,8,2
6,6,6,1,1
6,6,6,2,2
6,6,6,3,1
6,6,6,4,1
6,6,6,5,2
6,6,6,6,2
6,6,6,7,2
6,6,6,8,2
6,6,23,1,2
6,6,23,2,2
6,6,23,3,1
6,6,23,4,1
6,6,23,5,2
6,6,23,6,2
6,6,23,7,2
6,6,23,8,2
6,8,40,1,2
6,8,40,2,1
6,8,40,3,2
6,8,40,4,1
6,8,40,5,1
6,8,40,6,2
6,8,40,7,2
6,8,40,8,2
6,8,50,1,2
6,8,50,2,2
6,8,50,3,2
6,8,50,4,1
6,8,50,5,1
6,8,50,6,2
6,8,50,7,2
6,8,50,8,2
6,9,21,1,2
6,9,21,2,1
6,9,21,3,1
6,9,21,4,2
6,9,21,5,2
6,9,21,6,2
6,9,21,7,2
6,9,21,8,2
6,9,22,1,1
6,9,22,2,2
6,9,22,3,2
6,9,22,4,1
6,9,22,5,2
6,9,22,6,2
6,9,22,7,2
6,9,22,8,2
6,10,4,1,2
6,10,4,2,1
6,10,4,3,1
6,10,4,4,1
6,10,4,5,2
6,10,4,6,2
6,10,4,7,2
6,10,4,8,2
6,11,13,1,2
6,11,13,2,1
6,11,13,3,1
6,11,13,4,1
6,11,13,5,2
6,11,13,6,2
6,11,13,7,2
6,11,13,8,2
6,12,1,1,1
6,12,1,2,1
6,12,1,3,2
6,12,1,4,1
6,12,1,5,2
6,12,1,6,2
6,12,1,7,2
6,12,1,8,2
6,12,7,1,1
6,12,7,2,1
6,12,7,3,1
6,12,7,4,1
6,12,7,5,2
6,12,7,6,2
6,12,7,7,2
6,12,7,8,2
6,13,9,1,1
6,13,9,2,2
6,13,9,3,2
6,13,9,4,2
6,13,9,5,2
6,13,9,6,2
6,13,9,7,2
6,13,9,8,2
6,13,24,1,2
6,13,24,2,2
6,13,24,3,1
6,13,24,4,2
6,13,24,5,2
6,13,24,6,2
6,13,24,7,2
6,13,24,8,2
6,14,3,1,1
6,14,3,2,1
6,14,3,3,1
6,14,3,4,1
6,14,3,5,2
6,14,3,6,2
6,14,3,7,2
6,14,3,8,2
6,14,16,1,1
6,14,16,2,1
6,14,16,3,1
6,14,16,4,1
6,14,16,5,2
6,14,16,6,2
6,14,16,7,2
6,14,16,8,2
6,14,21,1,2
6,14,21,2,1
6,14,21,3,1
6,14,21,4,1
6,14,21,5,2
6,14,21,6,2
6,14,21,7,2
6,14,21,8,2
6,14,23,1,1
6,14,23,2,1
6,14,23,3,1
6,14,23,4,1
6,14,23,5,2
6,14,23,6,2
6,14,23,7,2
6,14,23,8,2
7,1,31,1,2
7,1,31,2,1
7,1,31,3,2
7,1,31,4,1
7,1,31,5,2
7,1,31,6,2
7,1,31,7,2
7,1,31,8,2
7,14,3,1,1
7,14,3,2,2
7,14,3,3,2
7,14,3,4,1
7,14,3,5,2
7,14,3,6,2
7,14,3,7,2
7,14,3,8,2
7,17,3,1,1
7,17,3,2,2
7,17,3,3,2
7,17,3,4,1
7,17,3,5,1
7,17,3,6,2
7,17,3,7,2
7,17,3,8,2
8,3,2,1,1
8,3,2,2,1
8,3,2,3,2
8,3,2,4,1
8,3,2,5,2
8,3,2,6,2
8,3,2,7,2
8,3,2,8,2
8,5,22,1,2
8,5,22,2,1
8,5,22,3,2
8,5,22,4,1
8,5,22,5,2
8,5,22,6,2
8,5,22,7,2
8,5,22,8,2
8,6,34,1,1
8,6,34,2,2
8,6,34,3,2
8,6,34,4,1
8,6,34,5,2
8,6,34,6,2
8,6,34,7,2
8,6,34,8,2
8,6,34,1,1
8,6,34,2,1
8,6,34,3,2
8,6,34,4,1
8,6,34,5,2
8,6,34,6,2
8,6,34,7,2
8,6,34,8,2
8,7,8,1,2
8,7,8,2,1
8,7,8,3,2
8,7,8,4,1
8,7,8,5,2
8,7,8,6,2
8,7,8,7,2
8,7,8,8,2
9,1,4,1,2
9,1,4,2,1
9,1,4,3,2
9,1,4,4,1
9,1,4,5,2
9,1,4,6,2
9,1,4,7,2
9,1,4,8,1
9,1,25,1,1
9,1,25,2,2
9,1,25,3,2
9,1,25,4,2
9,1,25,5,2
9,1,25,6,2
9,1,25,7,2
9,1,25,8,2
9,1,26,1,2
9,1,26,2,1
9,1,26,3,2
9,1,26,4,2
9,1,26,5,2
9,1,26,6,2
9,1,26,7,2
9,1,26,8,2
9,1,27,1,2
9,1,27,2,2
9,1,27,3,2
9,1,27,4,2
9,1,27,5,2
9,1,27,6,2
9,1,27,7,2
9,1,27,8,1
9,1,40,1,2
9,1,40,2,1
9,1,40,3,2
9,1,40,4,2
9,1,40,5,2
9,1,40,6,2
9,1,40,7,2
9,1,40,8,2
9,1,53,1,1
9,1,53,2,2
9,1,53,3,2
9,1,53,4,2
9,1,53,5,2
9,1,53,6,2
9,1,53,7,2
9,1,53,8,2
9,1,69,1,2
9,1,69,2,1
9,1,69,3,2
9,1,69,4,1
9,1,69,5,1
9,1,69,6,2
9,1,69,7,2
9,1,69,8,2
9,1,80,1,1
9,1,80,2,1
9,1,80,3,2
9,1,80,4,1
9,1,80,5,2
9,1,80,6,2
9,1,80,7,2
9,1,80,8,2
9,1,89,1,1
9,1,89,2,2
9,1,89,3,2
9,1,89,4,1
9,1,89,5,2
9,1,89,6,2
9,1,89,7,2
9,1,89,8,2
9,3,1,1,2
9,3,1,2,2
9,3,1,3,2
9,3,1,4,2
9,3,1,5,2
9,3,1,6,2
9,3,1,7,2
9,3,1,8,2
9,3,6,1,2
9,3,6,2,1
9,3,6,3,2
9,3,6,4,1
9,3,6,5,2
9,3,6,6,2
9,3,6,7,2
9,3,6,8,2
9,4,30,1,1
9,4,30,2,2
9,4,30,3,2
9,4,30,4,1
9,4,30,5,2
9,4,30,6,2
9,4,30,7,2
9,4,30,8,2
9,4,34,1,1
9,4,34,2,1
9,4,34,3,1
9,4,34,4,1
9,4,34,5,2
9,4,34,6,2
9,4,34,7,2
9,4,34,8,2
9,5,5,1,1
9,5,5,2,2
9,5,5,3,1
9,5,5,4,1
9,5,5,5,2
9,5,5,6,2
9,5,5,7,2
9,5,5,8,2
9,7,2,1,2
9,7,2,2,1
9,7,2,3,2
9,7,2,4,1
9,7,2,5,2
9,7,2,6,2
9,7,2,7,2
9,7,2,8,2
9,9,28,1,2
9,9,28,2,1
9,9,28,3,2
9,9,28,4,1
9,9,28,5,2
9,9,28,6,2
9,9,28,7,2
9,9,28,8,2
9,11,6,1,1
9,11,6,2,1
9,11,6,3,2
9,11,6,4,1
9,11,6,5,2
9,11,6,6,2
9,11,6,7,2
9,11,6,8,2
9,11,10,1,2
9,11,10,2,1
9,11,10,3,2
9,11,10,4,1
9,11,10,5,2
9,11,10,6,2
9,11,10,7,2
9,11,10,8,2
9,12,2,1,1
9,12,2,2,2
9,12,2,3,2
9,12,2,4,2
9,12,2,5,2
9,12,2,6,2
9,12,2,7,2
9,12,2,8,2
9,12,15,1,2
9,12,15,2,2
9,12,15,3,2
9,12,15,4,1
9,12,15,5,2
9,12,15,6,2
9,12,15,7,2
9,12,15,8,2
9,13,7,1,1
9,13,7,2,2
9,13,7,3,2
9,13,7,4,2
9,13,7,5,1
9,13,7,6,2
9,13,7,7,2
9,13,7,8,2
9,14,1,1,1
9,14,1,2,2
9,14,1,3,1
9,14,1,4,1
9,14,1,5,1
9,14,1,6,2
9,14,1,7,2
9,14,1,8,2
9,17,2,1,2
9,17,2,2,2
9,17,2,3,2
9,17,2,4,1
9,17,2,5,2
9,17,2,6,2
9,17,2,7,2
9,17,2,8,2
9,20,25,1,2
9,20,25,2,1
9,20,25,3,1
9,20,25,4,2
9,20,25,5,2
9,20,25,6,2
9,20,25,7,2
9,20,25,8,2
9,20,67,1,2
9,20,67,2,1
9,20,67,3,1
9,20,67,4,1
9,20,67,5,2
9,20,67,6,2
9,20,67,7,2
9,20,67,8,2
9,20,68,1,2
9,20,68,2,1
9,20,68,3,1
9,20,68,4,2
9,20,68,5,2
9,20,68,6,2
9,20,68,7,2
9,20,68,8,2
9,21,18,1,1
9,21,18,2,1
9,21,18,3,1
9,21,18,4,1
9,21,18,5,2
9,21,18,6,2
9,21,18,7,2
9,21,18,8,2
9,23,4,1,2
9,23,4,2,1
9,23,4,3,1
9,23,4,4,1
9,23,4,5,2
9,23,4,6,2
9,23,4,7,2
9,23,4,8,2
10,1,26,1,1
10,1,26,2,2
10,1,26,3,2
10,1,26,4,2
10,1,26,5,2
10,1,26,6,2
10,1,26,7,2
10,1,26,8,2
10,1,36,1,1
10,1,36,2,1
10,1,36,3,1
10,1,36,4,1
10,1,36,5,2
10,1,36,6,2
10,1,36,7,2
10,1,36,8,2
10,2,20,1,2
10,2,20,2,1
10,2,20,3,2
10,2,20,4,1
10,2,20,5,2
10,2,20,6,2
10,2,20,7,2
10,2,20,8,2
10,2,25,1,2
10,2,25,2,1
10,2,25,3,1
10,2,25,4,1
10,2,25,5,2
10,2,25,6,2
10,2,25,7,2
10,2,25,8,2
10,2,36,1,2
10,2,36,2,1
10,2,36,3,1
10,2,36,4,1
10,2,36,5,1
10,2,36,6,2
10,2,36,7,2
10,2,36,8,2
10,6,26,1,1
10,6,26,2,1
10,6,26,3,1
10,6,26,4,1
10,6,26,5,2
10,6,26,6,2
10,6,26,7,2
10,6,26,8,2
10,10,12,1,1
10,10,12,2,2
10,10,12,3,2
10,10,12,4,1
10,10,12,5,2
10,10,12,6,2
10,10,12,7,2
10,10,12,8,2
10,10,13,1,2
10,10,13,2,1
10,10,13,3,1
10,10,13,4,1
10,10,13,5,2
10,10,13,6,2
10,10,13,7,2
10,10,13,8,2
10,14,7,1,2
10,14,7,2,1
10,14,7,3,2
10,14,7,4,1
10,14,7,5,2
10,14,7,6,2
10,14,7,7,2
10,14,7,8,2
10,14,16,1,2
10,14,16,2,1
10,14,16,3,2
10,14,16,4,2
10,14,16,5,2
10,14,16,6,2
10,14,16,7,2
10,14,16,8,2
10,14,27,1,2
10,14,27,2,1
10,14,27,3,2
10,14,27,4,1
10,14,27,5,2
10,14,27,6,2
10,14,27,7,2
10,14,27,8,2
10,17,6,1,2
10,17,6,2,1
10,17,6,3,1
10,17,6,4,1
10,17,6,5,2
10,17,6,6,2
10,17,6,7,2
10,17,6,8,2
10,20,3,1,1
10,20,3,2,1
10,20,3,3,2
10,20,3,4,2
10,20,3,5,2
10,20,3,6,2
10,20,3,7,2
10,20,3,8,2
11,1,57,1,2
11,1,57,2,1
11,1,57,3,1
11,1,57,4,2
11,1,57,5,2
11,1,57,6,2
11,1,57,7,2
11,1,57,8,2
11,8,1,1,1
11,8,1,2,1
11,8,1,3,2
11,8,1,4,2
11,8,1,5,1
11,8,1,6,2
11,8,1,7,2
11,8,1,8,2
11,9,6,1,2
11,9,6,2,1
11,9,6,3,2
11,9,6,4,1
11,9,6,5,2
11,9,6,6,2
11,9,6,7,2
11,9,6,8,2
11,9,8,1,2
11,9,8,2,1
11,9,8,3,1
11,9,8,4,1
11,9,8,5,2
11,9,8,6,2
11,9,8,7,2
11,9,8,8,2
12,1,8,1,1
12,1,8,2,1
12,1,8,3,1
12,1,8,4,2
12,1,8,5,2
12,1,8,6,2
12,1,8,7,2
12,1,8,8,2
12,1,12,1,2
12,1,12,2,1
12,1,12,3,2
12,1,12,4,2
12,1,12,5,2
12,1,12,6,2
12,1,12,7,2
12,1,12,8,2
12,1,17,1,2
12,1,17,2,1
12,1,17,3,2
12,1,17,4,2
12,1,17,5,2
12,1,17,6,2
12,1,17,7,2
12,1,17,8,1
12,2,18,1,2
12,2,18,2,1
12,2,18,3,2
12,2,18,4,2
12,2,18,5,2
12,2,18,6,2
12,2,18,7,2
12,2,18,8,2
12,2,60,1,1
12,2,60,2,2
12,2,60,3,1
12,2,60,4,1
12,2,60,5,2
12,2,60,6,2
12,2,60,7,2
12,2,60,8,2
12,3,4,1,2
12,3,4,2,1
12,3,4,3,1
12,3,4,4,1
12,3,4,5,2
12,3,4,6,2
12,3,4,7,2
12,3,4,8,2
12,4,34,1,2
12,4,34,2,1
12,4,34,3,1
12,4,34,4,1
12,4,34,5,2
12,4,34,6,2
12,4,34,7,2
12,4,34,8,2
12,5,17,1,2
12,5,17,2,1
12,5,17,3,2
12,5,17,4,1
12,5,17,5,2
12,5,17,6,2
12,5,17,7,2
12,5,17,8,2
12,6,6,1,2
12,6,6,2,1
12,6,6,3,1
12,6,6,4,1
12,6,6,5,2
12,6,6,6,2
12,6,6,7,2
12,6,6,8,2
12,6,27,1,1
12,6,27,2,1
12,6,27,3,2
12,6,27,4,1
12,6,27,5,2
12,6,27,6,2
12,6,27,7,2
12,6,27,8,2
12,6,32,1,1
12,6,32,2,2
12,6,32,3,1
12,6,32,4,1
12,6,32,5,2
12,6,32,6,2
12,6,32,7,2
12,6,32,8,2
12,6,43,1,2
12,6,43,2,1
12,6,43,3,1
12,6,43,4,1
12,6,43,5,2
12,6,43,6,2
12,6,43,7,2
12,6,43,8,2
12,7,24,1,2
12,7,24,2,2
12,7,24,3,1
12,7,24,4,1
12,7,24,5,2
12,7,24,6,2
12,7,24,7,2
12,7,24,8,2
12,7,29,1,2
12,7,69,1,2
12,7,69,2,2
12,7,69,3,1
12,7,69,4,1
12,7,69,5,2
12,7,69,6,2
12,7,69,7,2
12,7,69,8,2
12,9,16,1,2
12,9,16,2,2
12,9,16,3,1
12,9,16,4,1
12,9,16,5,2
12,9,16,6,2
12,9,16,7,2
12,9,16,8,2
12,10,2,1,2
12,10,2,2,1
12,10,2,3,1
12,10,2,4,2
12,10,2,5,2
12,10,2,6,2
12,10,2,7,2
12,10,2,8,2
12,10,19,1,1
12,10,19,2,1
12,10,19,3,2
12,10,19,4,2
12,10,19,5,2
12,10,19,6,2
12,10,19,7,2
12,10,19,8,2
12,14,5,1,1
12,14,5,2,1
12,14,5,3,2
12,14,5,4,1
12,14,5,5,2
12,14,5,6,2
12,14,5,7,2
12,14,5,8,2
12,14,15,1,2
12,14,15,2,1
12,14,15,3,2
12,14,15,4,1
12,14,15,5,2
12,14,15,6,2
12,14,15,7,2
12,14,15,8,2
12,15,15,1,2
12,15,15,2,1
12,15,15,3,2
12,15,15,4,2
12,15,15,5,2
12,15,15,6,2
12,15,15,7,2
12,15,15,8,1
12,18,10,1,1
12,18,10,2,1
12,18,10,3,2
12,18,10,4,2
12,18,10,5,1
12,18,10,6,2
12,18,10,7,2
12,18,10,8,2
12,18,19,1,1
12,18,19,2,1
12,18,19,3,2
12,18,19,4,2
12,18,19,5,1
12,18,19,6,2
12,18,19,7,2
12,18,19,8,2
12,28,2,1,2
12,28,2,2,1
12,28,2,3,1
12,28,2,4,2
12,28,2,5,2
12,28,2,6,2
12,28,2,7,2
12,28,2,8,2
13,1,8,1,1
13,1,8,2,1
13,1,8,3,2
13,1,8,4,2
13,1,8,5,2
13,1,8,6,2
13,1,8,7,2
13,1,8,8,2
13,1,9,1,1
13,1,9,2,1
13,1,9,3,2
13,1,9,4,2
13,1,9,5,2
13,1,9,6,2
13,1,9,7,2
13,1,9,8,2
13,1,11,1,1
13,1,11,2,1
13,1,11,3,2
13,1,11,4,2
13,1,11,5,2
13,1,11,6,2
13,1,11,7,2
13,1,11,8,2
13,1,15,1,2
13,1,15,2,1
13,1,15,3,1
13,1,15,4,1
13,1,15,5,2
13,1,15,6,2
13,1,15,7,2
13,1,15,8,2
13,1,52,1,1
13,1,52,2,2
13,1,52,3,1
13,1,52,4,1
13,1,52,5,1
13,1,52,6,2
13,1,52,7,2
13,1,52,8,2
13,1,74,1,2
13,1,74,2,2
13,1,74,3,1
13,1,74,4,1
13,1,74,5,2
13,1,74,6,2
13,1,74,7,2
13,1,74,8,2
13,2,3,1,2
13,2,3,2,1
13,2,3,3,1
13,2,3,4,2
13,2,3,5,2
13,2,3,6,2
13,2,3,7,2
13,2,3,8,2
13,2,9,1,2
13,2,9,2,2
13,2,9,3,1
13,2,9,4,1
13,2,9,5,2
13,2,9,6,2
13,2,9,7,2
13,2,9,8,2
13,2,10,1,2
13,2,10,2,2
13,2,10,3,1
13,2,10,4,2
13,2,10,5,2
13,2,10,6,2
13,2,10,7,2
13,2,10,8,2
13,2,21,1,1
13,2,21,2,1
13,2,21,3,1
13,2,21,4,1
13,2,21,5,2
13,2,21,6,2
13,2,21,7,2
13,2,21,8,2
13,2,25,1,1
13,2,25,2,1
13,2,25,3,1
13,2,25,4,1
13,2,25,5,2
13,2,25,6,2
13,2,25,7,2
13,2,25,8,2
13,2,40,1,2
13,2,40,2,1
13,2,40,3,1
13,2,40,4,2
13,2,40,5,2
13,2,40,6,2
13,2,40,7,2
13,2,40,8,2
13,3,7,1,1
13,3,7,2,1
13,3,7,3,1
13,3,7,4,1
13,3,7,5,2
13,3,7,6,2
13,3,7,7,2
13,3,7,8,2
13,4,29,1,2
13,4,29,2,1
13,4,29,3,1
13,4,29,4,1
13,4,29,5,2
13,4,29,6,2
13,4,29,7,2
13,4,29,8,2
13,4,40,1,2
13,4,40,2,2
13,4,40,3,2
13,4,40,4,1
13,4,40,5,2
13,4,40,6,2
13,4,40,7,2
13,4,40,8,2
13,4,55,1,1
13,4,55,2,2
13,4,55,3,2
13,4,55,4,1
13,4,55,5,2
13,4,55,6,2
13,4,55,7,2
13,4,55,8,2
13,5,9,1,1
13,5,9,2,1
13,5,9,3,1
13,5,9,4,1
13,5,9,5,2
13,5,9,6,2
13,5,9,7,2
13,5,9,8,2
13,5,10,1,2
13,5,10,2,1
13,5,10,3,1
13,5,10,4,1
13,5,10,5,2
13,5,10,6,2
13,5,10,7,2
13,5,10,8,2
13,5,12,1,1
13,5,12,2,2
13,5,12,3,1
13,5,12,4,1
13,5,12,5,2
13,5,12,6,2
13,5,12,7,2
13,5,12,8,2
13,5,26,1,1
13,5,26,2,1
13,5,26,3,1
13,5,26,4,1
13,5,26,5,1
13,5,26,6,2
13,5,26,7,2
13,5,26,8,2
13,6,9,1,2
13,6,9,2,2
13,6,9,3,1
13,6,9,4,1
13,6,9,5,2
13,6,9,6,2
13,6,9,7,2
13,6,9,8,2
13,6,14,1,2
13,6,14,2,1
13,6,14,3,1
13,6,14,4,1
13,6,14,5,2
13,6,14,6,2
13,6,14,7,2
13,6,14,8,2
13,7,17,1,2
13,7,17,2,1
13,7,17,3,2
13,7,17,4,1
13,7,17,5,2
13,7,17,6,2
13,7,17,7,2
13,7,17,8,2
13,7,22,1,2
13,7,22,2,1
13,7,22,3,1
13,7,22,4,2
13,7,22,5,2
13,7,22,6,2
13,7,22,7,2
13,7,22,8,2
13,7,28,1,1
13,7,28,2,2
13,7,28,3,1
13,7,28,4,1
13,7,28,5,2
13,7,28,6,2
13,7,28,7,2
13,7,28,8,2
13,8,15,1,2
13,8,15,2,1
13,8,15,3,1
13,8,15,4,1
13,8,15,5,2
13,8,15,6,2
13,8,15,7,2
13,8,15,8,2
13,8,24,1,1
13,8,24,2,2
13,8,24,3,1
13,8,24,4,1
13,8,24,5,2
13,8,24,6,2
13,8,24,7,2
13,8,24,8,2
13,8,30,1,2
13,8,30,2,1
13,8,30,3,1
13,8,30,4,1
13,8,30,5,2
13,8,30,6,2
13,8,30,7,2
13,8,30,8,2
13,9,17,1,1
13,9,17,2,2
13,9,17,3,1
13,9,17,4,1
13,9,17,5,2
13,9,17,6,2
13,9,17,7,2
13,9,17,8,2
13,10,16,1,2
13,10,16,2,1
13,10,16,3,2
13,10,16,4,1
13,10,16,5,2
13,10,16,6,2
13,10,16,7,2
13,10,16,8,2
13,12,9,1,1
13,12,9,2,1
13,12,9,3,2
13,12,9,4,2
13,12,9,5,2
13,12,9,6,2
13,12,9,7,2
13,12,9,8,2
13,12,28,1,2
13,12,28,2,1
13,12,28,3,1
13,12,28,4,1
13,12,28,5,1
13,12,28,6,2
13,12,28,7,2
13,12,28,8,2
13,13,4,1,2
13,13,4,2,1
13,13,4,3,2
13,13,4,4,1
13,13,4,5,2
13,13,4,6,2
13,13,4,7,2
13,13,4,8,2
13,13,9,1,2
13,13,9,2,1
13,13,9,3,2
13,13,9,4,1
13,13,9,5,2
13,13,9,6,2
13,13,9,7,2
13,13,9,8,2
13,13,11,1,2
13,13,11,2,1
13,13,11,3,2
13,13,11,4,1
13,13,11,5,2
13,13,11,6,2
13,13,11,7,2
13,13,11,8,2
13,15,6,1,2
13,15,6,2,1
13,15,6,3,1
13,15,6,4,1
13,15,6,5,2
13,15,6,6,2
13,15,6,7,2
13,15,6,8,2
13,15,17,1,2
13,15,17,2,1
13,15,17,3,1
13,15,17,4,1
13,15,17,5,2
13,15,17,6,2
13,15,17,7,2
13,15,17,8,2
13,15,21,1,2
13,15,21,2,1
13,15,21,3,2
13,15,21,4,1
13,15,21,5,2
13,15,21,6,2
13,15,21,7,2
13,15,21,8,2
13,16,17,1,2
13,16,17,2,1
13,16,17,3,2
13,16,17,4,1
13,16,17,5,1
13,16,17,6,2
13,16,17,7,2
13,16,17,8,2
13,16,19,1,2
13,16,19,2,1
13,16,19,3,2
13,16,19,4,1
13,16,19,5,1
13,16,19,6,2
13,16,19,7,2
13,16,19,8,2
13,16,21,1,2
13,16,21,2,1
13,16,21,3,2
13,16,21,4,1
13,16,21,5,1
13,16,21,6,2
13,16,21,7,2
13,16,21,8,2
13,17,28,1,2
13,17,28,2,2
13,17,28,3,1
13,17,28,4,1
13,17,28,5,2
13,17,28,6,2
13,17,28,7,2
13,17,28,8,2
13,18,4,1,1
13,18,4,2,1
13,18,4,3,2
13,18,4,4,2
13,18,4,5,2
13,18,4,6,2
13,18,4,7,2
13,18,4,8,2
13,18,5,1,2
13,18,5,2,1
13,18,5,3,1
13,18,5,4,2
13,18,5,5,2
13,18,5,6,2
13,18,5,7,2
13,18,5,8,2
13,18,9,1,1
13,18,9,2,2
13,18,9,3,2
13,18,9,4,1
13,18,9,5,2
13,18,9,6,2
13,18,9,7,2
13,18,9,8,2
13,18,10,1,1
13,18,10,2,2
13,18,10,3,2
13,18,10,4,1
13,18,10,5,2
13,18,10,6,2
13,18,10,7,2
13,18,10,8,2
13,18,17,1,2
13,18,17,2,2
13,18,17,3,1
13,18,17,4,1
13,18,17,5,2
13,18,17,6,2
13,18,17,7,2
13,18,17,8,2
13,20,1,1,2
13,20,1,2,2
13,20,1,3,2
13,20,1,4,1
13,20,1,5,2
13,20,1,6,2
13,20,1,7,2
13,20,1,8,2
13,20,13,1,2
13,20,13,2,1
13,20,13,3,2
13,20,13,4,1
13,20,13,5,2
13,20,13,6,2
13,20,13,7,2
13,20,13,8,2
13,21,2,1,2
13,21,2,2,2
13,21,2,3,1
13,21,2,4,1
13,21,2,5,2
13,21,2,6,2
13,21,2,7,2
13,21,2,8,2
13,22,2,1,1
13,22,2,2,1
13,22,2,3,1
13,22,2,4,1
13,22,2,5,2
13,22,2,6,2
13,22,2,7,2
13,22,2,8,2
13,22,7,1,2
13,22,7,2,1
13,22,7,3,2
13,22,7,4,1
13,22,7,5,2
13,22,7,6,2
13,22,7,7,2
13,22,7,8,2
13,24,1,1,2
13,24,1,2,1
13,24,1,3,1
13,24,1,4,1
13,24,1,5,2
13,24,1,6,2
13,24,1,7,2
13,24,1,8,2
13,24,4,1,2
13,24,4,2,1
13,24,4,3,1
13,24,4,4,1
13,24,4,5,2
13,24,4,6,2
13,24,4,7,2
13,24,4,8,2
13,24,5,1,2
13,24,5,2,1
13,24,5,3,1
13,24,5,4,1
13,24,5,5,2
13,24,5,6,2
13,24,5,7,2
13,24,5,8,2
13,26,28,1,1
13,26,28,2,2
13,26,28,3,2
13,26,28,4,1
13,26,28,5,2
13,26,28,6,2
13,26,28,7,2
13,26,28,8,2
13,26,33,1,2
13,26,33,2,1
13,26,33,3,2
13,26,33,4,1
13,26,33,5,1
13,26,33,6,2
13,26,33,7,2
13,26,33,8,2
13,26,41,1,1
13,26,41,2,2
13,26,41,3,2
13,26,41,4,1
13,26,41,5,2
13,26,41,6,2
13,26,41,7,2
13,26,41,8,2
13,26,46,1,2
13,26,46,2,1
13,26,46,3,1
13,26,46,4,1
13,26,46,5,2
13,26,46,6,2
13,26,46,7,2
13,26,46,8,2
13,26,47,1,1
13,26,47,2,2
13,26,47,3,1
13,26,47,4,1
13,26,47,5,2
13,26,47,6,2
13,26,47,7,2
13,26,47,8,2
13,26,49,1,2
13,26,49,2,2
13,26,49,3,1
13,26,49,4,1
13,26,49,5,2
13,26,49,6,2
13,26,49,7,2
13,26,49,8,2
13,27,9,1,2
13,27,9,2,2
13,27,9,3,2
13,27,9,4,1
13,27,9,5,2
13,27,9,6,2
13,27,9,7,2
13,27,9,8,2
13,27,26,1,2
13,27,26,2,1
13,27,26,3,1
13,27,26,4,2
13,27,26,5,2
13,27,26,6,2
13,27,26,7,2
13,27,26,8,2
13,30,8,1,2
13,30,8,2,2
13,30,8,3,1
13,30,8,4,1
13,30,8,5,2
13,30,8,6,2
13,30,8,7,2
13,30,8,8,2
13,30,11,1,2
13,30,11,2,1
13,30,11,3,2
13,30,11,4,1
13,30,11,5,2
13,30,11,6,2
13,30,11,7,2
13,30,11,8,2
13,31,6,1,2
13,31,6,2,1
13,31,6,3,1
13,31,6,4,1
13,31,6,5,1
13,31,6,6,2
13,31,6,7,2
13,31,6,8,2
14,1,14,1,1
14,1,14,2,1
14,1,14,3,2
14,1,14,4,2
14,1,14,5,2
14,1,14,6,2
14,1,14,7,2
14,1,14,8,2
14,1,27,1,1
14,1,27,2,1
14,1,27,3,2
14,1,27,4,1
14,1,27,5,2
14,1,27,6,2
14,1,27,7,2
14,1,27,8,2
14,1,50,1,2
14,1,50,2,1
14,1,50,3,2
14,1,50,4,1
14,1,50,5,2
14,1,50,6,2
14,1,50,7,2
14,1,50,8,2
14,1,60,1,2
14,1,60,2,1
14,1,60,3,2
14,1,60,4,1
14,1,60,5,2
14,1,60,6,2
14,1,60,7,2
14,1,60,8,2
14,1,72,1,2
14,1,72,2,1
14,1,72,3,2
14,1,72,4,1
14,1,72,5,2
14,1,72,6,2
14,1,72,7,2
14,1,72,8,2
14,2,9,1,2
14,2,9,2,1
14,2,9,3,2
14,2,9,4,1
14,2,9,5,2
14,2,9,6,2
14,2,9,7,2
14,2,9,8,2
14,3,1,1,1
14,3,1,2,1
14,3,1,3,2
14,3,1,4,2
14,3,1,5,2
14,3,1,6,2
14,3,1,7,2
14,3,1,8,2
14,4,1,1,1
14,4,1,2,1
14,4,1,3,2
14,4,1,4,1
14,4,1,5,2
14,4,1,6,2
14,4,1,7,2
14,4,1,8,2
14,4,7,1,2
14,4,7,2,1
14,4,7,3,2
14,4,7,4,1
14,4,7,5,2
14,4,7,6,2
14,4,7,7,2
14,4,7,8,2
14,6,3,1,1
14,6,3,2,1
14,6,3,3,2
14,6,3,4,2
14,6,3,5,2
14,6,3,6,2
14,6,3,7,2
14,6,3,8,2
14,6,27,1,2
14,6,27,2,1
14,6,27,3,2
14,6,27,4,1
14,6,27,5,2
14,6,27,6,2
14,6,27,7,2
14,6,27,8,2
14,6,57,1,2
14,6,57,2,1
14,6,57,3,2
14,6,57,4,1
14,6,57,5,2
14,6,57,6,2
14,6,57,7,2
14,6,57,8,2
14,6,60,1,1
14,6,60,2,2
14,6,60,3,2
14,6,60,4,1
14,6,60,5,2
14,6,60,6,2
14,6,60,7,2
14,6,60,8,2
14,6,85,1,1
14,6,85,2,2
14,6,85,3,2
14,6,85,4,1
14,6,85,5,2
14,6,85,6,2
14,6,85,7,2
14,6,85,8,2
14,6,100,1,2
14,6,100,2,1
14,6,100,3,2
14,6,100,4,1
14,6,100,5,2
14,6,100,6,2
14,6,100,7,2
14,6,100,8,2
14,11,2,1,2
14,11,2,2,1
14,11,2,3,2
14,11,2,4,1
14,11,2,5,2
14,11,2,6,2
14,11,2,7,2
14,11,2,8,2
14,11,7,1,2
14,11,7,2,2
14,11,7,3,1
14,11,7,4,1
14,11,7,5,2
14,11,7,6,2
14,11,7,7,2
14,11,7,8,2
14,12,3,1,2
14,12,3,2,1
14,12,3,3,2
14,12,3,4,1
14,12,3,5,2
14,12,3,6,2
14,12,3,7,2
14,12,3,8,1
14,13,11,1,2
14,13,11,2,1
14,13,11,3,2
14,13,11,4,1
14,13,11,5,2
14,13,11,6,2
14,13,11,7,2
14,13,11,8,2
14,13,21,1,1
14,13,21,2,2
14,13,21,3,2
14,13,21,4,1
14,13,21,5,2
14,13,21,6,2
14,13,21,7,2
14,13,21,8,2
14,13,22,1,2
14,13,22,2,2
14,13,22,3,1
14,13,22,4,1
14,13,22,5,2
14,13,22,6,2
14,13,22,7,2
14,13,22,8,2
14,13,27,1,2
14,13,27,2,2
14,13,27,3,1
14,13,27,4,1
14,13,27,5,2
14,13,27,6,2
14,13,27,7,2
14,13,27,8,2
14,14,3,1,2
14,14,3,2,1
14,14,3,3,2
14,14,3,4,1
14,14,3,5,2
14,14,3,6,2
14,14,3,7,2
14,14,3,8,2
14,15,9,1,2
14,15,9,2,1
14,15,9,3,2
14,15,9,4,1
14,15,9,5,2
14,15,9,6,2
14,15,9,7,2
14,15,9,8,2
14,16,5,1,2
14,16,5,2,2
14,16,5,3,2
14,16,5,4,1
14,16,5,5,2
14,16,5,6,2
14,16,5,7,2
14,16,5,8,2
14,16,28,1,2
14,16,28,2,1
14,16,28,3,2
14,16,28,4,1
14,16,28,5,2
14,16,28,6,2
14,16,28,7,2
14,16,28,8,2
14,19,3,1,1
14,19,3,2,2
14,19,3,3,2
14,19,3,4,1
14,19,3,5,2
14,19,3,6,2
14,19,3,7,2
14,19,3,8,2
15,1,5,1,1
15,1,5,2,1
15,1,5,3,2
15,1,5,4,2
15,1,5,5,2
15,1,5,6,2
15,1,5,7,2
15,1,5,8,2
15,1,9,1,1
15,1,9,2,1
15,1,9,3,2
15,1,9,4,2
15,1,9,5,2
15,1,9,6,2
15,1,9,7,2
15,1,9,8,2
15,1,37,1,2
15,1,37,2,1
15,1,37,3,2
15,1,37,4,2
15,1,37,5,2
15,1,37,6,2
15,1,37,7,2
15,1,37,8,2
15,2,16,1,2
15,2,16,2,1
15,2,16,3,1
15,2,16,4,1
15,2,16,5,2
15,2,16,6,2
15,2,16,7,2
15,2,16,8,2
15,3,2,1,1
15,3,2,2,2
15,3,2,3,2
15,3,2,4,1
15,3,2,5,2
15,3,2,6,2
15,3,2,7,2
15,3,2,8,2
15,3,7,1,1
15,3,7,2,1
15,3,7,3,2
15,3,7,4,2
15,3,7,5,2
15,3,7,6,2
15,3,7,7,2
15,3,7,8,2
15,3,23,1,2
15,3,23,2,1
15,3,23,3,2
15,3,23,4,1
15,3,23,5,2
15,3,23,6,2
15,3,23,7,2
15,3,23,8,2
15,3,25,1,2
15,3,25,2,1
15,3,25,3,2
15,3,25,4,1
15,3,25,5,2
15,3,25,6,2
15,3,25,7,2
15,3,25,8,2
15,4,1,1,2
15,4,1,2,2
15,4,1,3,2
15,4,1,4,2
15,4,1,5,2
15,4,1,6,2
15,4,1,7,2
15,4,1,8,1
15,4,13,1,2
15,4,13,2,1
15,4,13,3,1
15,4,13,4,1
15,4,13,5,2
15,4,13,6,2
15,4,13,7,2
15,4,13,8,2
15,5,2,1,2
15,5,2,2,1
15,5,2,3,2
15,5,2,4,1
15,5,2,5,2
15,5,2,6,2
15,5,2,7,2
15,5,2,8,2
15,5,5,1,1
15,5,5,2,2
15,5,5,3,2
15,5,5,4,1
15,5,5,5,2
15,5,5,6,2
15,5,5,7,2
15,5,5,8,2
15,6,2,1,2
15,6,2,2,1
15,6,2,3,2
15,6,2,4,2
15,6,2,5,2
15,6,2,6,2
15,6,2,7,2
15,6,2,8,2
15,6,2,1,1
15,6,2,2,2
15,6,2,3,2
15,6,2,4,1
15,6,2,5,2
15,6,2,6,2
15,6,2,7,2
15,6,2,8,2
15,7,1,1,1
15,7,1,2,2
15,7,1,3,2
15,7,1,4,2
15,7,1,5,2
15,7,1,6,2
15,7,1,7,2
15,7,1,8,2
15,7,3,1,1
15,7,3,2,1
15,7,3,3,2
15,7,3,4,1
15,7,3,5,2
15,7,3,6,2
15,7,3,7,2
15,7,3,8,2
15,7,10,1,1
15,7,10,2,1
15,7,10,3,2
15,7,10,4,2
15,7,10,5,2
15,7,10,6,2
15,7,10,7,2
15,7,10,8,2
15,8,5,1,2
15,8,5,2,1
15,8,5,3,2
15,8,5,4,1
15,8,5,5,2
15,8,5,6,2
15,8,5,7,2
15,8,5,8,2
15,8,25,1,2
15,8,25,2,2
15,8,25,3,1
15,8,25,4,1
15,8,25,5,1
15,8,25,6,2
15,8,25,7,2
15,8,25,8,2
16,1,1,1,1
16,1,1,2,1
16,1,1,3,2
16,1,1,4,2
16,1,1,5,2
16,1,1,6,2
16,1,1,7,1
16,1,1,8,2
16,1,5,1,1
16,1,5,2,2
16,1,5,3,2
16,1,5,4,2
16,1,5,5,2
16,1,5,6,2
16,1,5,7,2
16,1,5,8,2
16,1,6,1,1
16,1,6,2,1
16,1,6,3,2
16,1,6,4,2
16,1,6,5,1
16,1,6,6,2
16,1,6,7,2
16,1,6,8,2
16,1,8,1,1
16,1,8,2,2
16,1,8,3,2
16,1,8,4,1
16,1,8,5,2
16,1,8,6,2
16,1,8,7,2
16,1,8,8,2
16,1,16,1,1
16,1,16,2,1
16,1,16,3,2
16,1,16,4,2
16,1,16,5,2
16,1,16,6,2
16,1,16,7,2
16,1,16,8,2
16,1,25,1,1
16,1,25,2,1
16,1,25,3,2
16,1,25,4,1
16,1,25,5,2
16,1,25,6,2
16,1,25,7,2
16,1,25,8,2
16,1,28,1,1
16,1,28,2,1
16,1,28,3,2
16,1,28,4,2
16,1,28,5,2
16,1,28,6,2
16,1,28,7,2
16,1,28,8,2
16,1,30,1,1
16,1,30,2,2
16,1,30,3,2
16,1,30,4,2
16,1,30,5,2
16,1,30,6,2
16,1,30,7,2
16,1,30,8,2
16,1,33,1,2
16,1,33,2,1
16,1,33,3,2
16,1,33,4,2
16,1,33,5,2
16,1,33,6,2
16,1,33,7,2
16,1,33,8,2
16,1,63,1,2
16,1,63,2,1
16,1,63,3,2
16,1,63,4,1
16,1,63,5,2
16,1,63,6,2
16,1,63,7,2
16,1,63,8,2
16,1,98,1,2
16,1,98,2,1
16,1,98,3,2
16,1,98,4,1
16,1,98,5,2
16,1,98,6,2
16,1,98,7,2
16,1,98,8,2
16,1,100,1,2
16,1,100,2,1
16,1,100,3,1
16,1,100,4,1
16,1,100,5,2
16,1,100,6,2
16,1,100,7,2
16,1,100,8,2
16,1,102,1,1
16,1,102,2,2
16,1,102,3,2
16,1,102,4,2
16,1,102,5,2
16,1,102,6,2
16,1,102,7,2
16,1,102,8,2
16,3,2,1,1
16,3,2,2,1
16,3,2,3,2
16,3,2,4,2
16,3,2,5,2
16,3,2,6,2
16,3,2,7,2
16,3,2,8,2
16,3,7,1,1
16,3,7,2,1
16,3,7,3,1
16,3,7,4,1
16,3,7,5,2
16,3,7,6,2
16,3,7,7,2
16,3,7,8,2
16,3,14,1,2
16,3,14,2,1
16,3,14,3,2
16,3,14,4,2
16,3,14,5,2
16,3,14,6,2
16,3,14,7,2
16,3,14,8,2
16,3,16,1,2
16,3,16,2,1
16,3,16,3,1
16,3,16,4,1
16,3,16,5,2
16,3,16,6,2
16,3,16,7,2
16,3,16,8,2
16,3,19,1,2
16,3,19,2,1
16,3,19,3,1
16,3,19,4,1
16,3,19,5,2
16,3,19,6,2
16,3,19,7,2
16,3,19,8,2
16,3,31,1,2
16,3,31,2,1
16,3,31,3,1
16,3,31,4,1
16,3,31,5,2
16,3,31,6,2
16,3,31,7,2
16,3,31,8,2
16,5,6,1,1
16,5,6,2,2
16,5,6,3,2
16,5,6,4,1
16,5,6,5,2
16,5,6,6,2
16,5,6,7,2
16,5,6,8,2
16,6,1,1,2
16,6,1,2,1
16,6,1,3,2
16,6,1,4,2
16,6,1,5,2
16,6,1,6,2
16,6,1,7,2
16,6,1,8,2
16,6,4,1,2
16,6,4,2,1
16,6,4,3,2
16,6,4,4,2
16,6,4,5,2
16,6,4,6,2
16,6,4,7,2
16,6,4,8,2
16,6,9,1,2
16,6,9,2,1
16,6,9,3,2
16,6,9,4,2
16,6,9,5,2
16,6,9,6,2
16,6,9,7,2
16,6,9,8,2
16,7,1,1,2
16,7,1,2,1
16,7,1,3,2
16,7,1,4,1
16,7,1,5,2
16,7,1,6,2
16,7,1,7,2
16,7,1,8,2
16,7,28,1,2
16,7,28,2,1
16,7,28,3,2
16,7,28,4,1
16,7,28,5,2
16,7,28,6,2
16,7,28,7,2
16,7,28,8,2
16,7,40,1,1
16,7,40,2,2
16,7,40,3,2
16,7,40,4,1
16,7,40,5,2
16,7,40,6,2
16,7,40,7,2
16,7,40,8,2
16,7,67,1,2
16,7,67,2,1
16,7,67,3,2
16,7,67,4,2
16,7,67,5,2
16,7,67,6,2
16,7,67,7,2
16,7,67,8,2
16,8,11,1,1
16,8,11,2,2
16,8,11,3,2
16,8,11,4,1
16,8,11,5,2
16,8,11,6,2
16,8,11,7,2
16,8,11,8,2
16,8,18,1,2
16,8,18,2,1
16,8,18,3,2
16,8,18,4,1
16,8,18,5,2
16,8,18,6,2
16,8,18,7,2
16,8,18,8,2
16,8,19,1,2
16,8,19,2,2
16,8,19,3,2
16,8,19,4,1
16,8,19,5,2
16,8,19,6,2
16,8,19,7,2
16,8,19,8,2
16,8,28,1,1
16,8,28,2,2
16,8,28,3,2
16,8,28,4,1
16,8,28,5,2
16,8,28,6,2
16,8,28,7,2
16,8,28,8,2
16,8,38,1,2
16,8,38,2,2
16,8,38,3,2
16,8,38,4,1
16,8,38,5,2
16,8,38,6,2
16,8,38,7,2
16,8,38,8,2
16,9,1,1,1
16,9,1,2,2
16,9,1,3,2
16,9,1,4,2
16,9,1,5,2
16,9,1,6,2
16,9,1,7,2
16,9,1,8,2
16,9,3,1,1
16,9,3,2,2
16,9,3,3,2
16,9,3,4,2
16,9,3,5,2
16,9,3,6,2
16,9,3,7,2
16,9,3,8,2
16,9,53,1,2
16,9,53,2,1
16,9,53,3,2
16,9,53,4,1
16,9,53,5,2
16,9,53,6,2
16,9,53,7,2
16,9,53,8,2
16,9,67,1,2
16,9,67,2,1
16,9,67,3,2
16,9,67,4,1
16,9,67,5,2
16,9,67,6,2
16,9,67,7,2
16,9,67,8,2
16,9,73,1,2
16,9,73,2,1
16,9,73,3,2
16,9,73,4,1
16,9,73,5,2
16,9,73,6,2
16,9,73,7,2
16,9,73,8,2
16,9,110,1,2
16,9,110,2,2
16,9,110,3,2
16,9,110,4,1
16,9,110,5,2
16,9,110,6,2
16,9,110,7,2
16,9,110,8,2
16,10,3,1,1
16,10,3,2,1
16,10,3,3,1
16,10,3,4,1
16,10,3,5,2
16,10,3,6,2
16,10,3,7,2
16,10,3,8,2
16,11,3,1,2
16,11,3,2,2
16,11,3,3,2
16,11,3,4,1
16,11,3,5,2
16,11,3,6,2
16,11,3,7,2
16,11,3,8,2
16,12,3,1,2
16,12,3,2,1
16,12,3,3,2
16,12,3,4,1
16,12,3,5,2
16,12,3,6,2
16,12,3,7,2
16,12,3,8,2
16,12,14,1,2
16,12,14,2,1
16,12,14,3,2
16,12,14,4,1
16,12,14,5,2
16,12,14,6,2
16,12,14,7,2
16,12,14,8,2
16,13,27,1,2
16,13,27,2,2
16,13,27,3,2
16,13,27,4,1
16,13,27,5,2
16,13,27,6,2
16,13,27,7,2
16,13,27,8,2
16,13,33,1,2
16,13,33,2,1
16,13,33,3,2
16,13,33,4,1
16,13,33,5,2
16,13,33,6,2
16,13,33,7,2
16,13,33,8,2
17,1,2,1,1
17,1,2,2,2
17,1,2,3,2
17,1,2,4,2
17,1,2,5,1
17,1,2,6,2
17,1,2,7,2
17,1,2,8,2
17,1,9,1,1
17,1,9,2,2
17,1,9,3,2
17,1,9,4,2
17,1,9,5,2
17,1,9,6,2
17,1,9,7,2
17,1,9,8,2
17,1,20,1,1
17,1,20,2,1
17,1,20,3,2
17,1,20,4,2
17,1,20,5,2
17,1,20,6,2
17,1,20,7,2
17,1,20,8,2
17,1,23,1,1
17,1,23,2,2
17,1,23,3,2
17,1,23,4,2
17,1,23,5,2
17,1,23,6,2
17,1,23,7,2
17,1,23,8,1
17,3,23,1,1
17,3,23,2,1
17,3,23,3,2
17,3,23,4,2
17,3,23,5,2
17,3,23,6,2
17,3,23,7,2
17,3,23,8,2
17,4,10,1,2
17,4,10,2,1
17,4,10,3,2
17,4,10,4,1
17,4,10,5,2
17,4,10,6,2
17,4,10,7,2
17,4,10,8,2
17,4,16,1,2
17,4,16,2,2
17,4,16,3,2
17,4,16,4,1
17,4,16,5,1
17,4,16,6,2
17,4,16,7,2
17,4,16,8,2
17,5,9,1,2
17,5,9,2,1
17,5,9,3,1
17,5,9,4,1
17,5,9,5,2
17,5,9,6,2
17,5,9,7,2
17,5,9,8,2
17,5,17,1,1
17,5,17,2,2
17,5,17,3,1
17,5,17,4,1
17,5,17,5,2
17,5,17,6,2
17,5,17,7,2
17,5,17,8,2
17,5,31,1,1
17,5,31,2,1
17,5,31,3,1
17,5,31,4,1
17,5,31,5,2
17,5,31,6,2
17,5,31,7,2
17,5,31,8,2
17,5,36,1,2
17,5,36,2,1
17,5,36,3,2
17,5,36,4,1
17,5,36,5,1
17,5,36,6,2
17,5,36,7,2
17,5,36,8,2
17,5,41,1,1
17,5,41,2,2
17,5,41,3,2
17,5,41,4,1
17,5,41,5,2
17,5,41,6,2
17,5,41,7,2
17,5,41,8,2
17,5,49,1,1
17,5,49,2,1
17,5,49,3,1
17,5,49,4,1
17,5,49,5,2
17,5,49,6,2
17,5,49,7,2
17,5,49,8,2
17,5,53,1,2
17,5,53,2,1
17,5,53,3,1
17,5,53,4,1
17,5,53,5,2
17,5,53,6,2
17,5,53,7,2
17,5,53,8,2
17,5,58,1,2
17,5,58,2,1
17,5,58,3,1
17,5,58,4,1
17,5,58,5,2
17,5,58,6,2
17,5,58,7,2
17,5,58,8,2
17,5,62,1,1
17,5,62,2,2
17,5,62,3,1
17,5,62,4,1
17,5,62,5,2
17,5,62,6,2
17,5,62,7,2
17,5,62,8,2
17,6,1,1,2
17,6,1,2,1
17,6,1,3,1
17,6,1,4,2
17,6,1,5,2
17,6,1,6,2
17,6,1,7,2
17,6,1,8,2
17,6,3,1,1
17,6,3,2,1
17,6,3,3,2
17,6,3,4,2
17,6,3,5,2
17,6,3,6,2
17,6,3,7,2
17,6,3,8,2
17,7,2,1,2
17,7,2,2,1
17,7,2,3,2
17,7,2,4,2
17,7,2,5,2
17,7,2,6,2
17,7,2,7,2
17,7,2,8,2
17,7,5,1,2
17,7,5,2,1
17,7,5,3,2
17,7,5,4,2
17,7,5,5,2
17,7,5,6,2
17,7,5,7,2
17,7,5,8,2
17,8,16,1,2
17,8,16,2,1
17,8,16,3,1
17,8,16,4,1
17,8,16,5,1
17,8,16,6,2
17,8,16,7,2
17,8,16,8,2
17,8,25,1,1
17,8,25,2,2
17,8,25,3,1
17,8,25,4,2
17,8,25,5,2
17,8,25,6,2
17,8,25,7,2
17,8,25,8,2
17,8,27,1,2
17,8,27,2,1
17,8,27,3,1
17,8,27,4,1
17,8,27,5,2
17,8,27,6,2
17,8,27,7,2
17,8,27,8,2
17,8,35,1,2
17,8,35,2,1
17,8,35,3,1
17,8,35,4,1
17,8,35,5,1
17,8,35,6,2
17,8,35,7,2
17,8,35,8,2
17,9,14,1,2
17,9,14,2,1
17,9,14,3,2
17,9,14,4,1
17,9,14,5,2
17,9,14,6,2
17,9,14,7,2
17,9,14,8,2
17,9,33,1,2
17,9,33,2,1
17,9,33,3,2
17,9,33,4,1
17,9,33,5,2
17,9,33,6,2
17,9,33,7,2
17,9,33,8,2
17,10,2,1,2
17,10,2,2,1
17,10,2,3,2
17,10,2,4,2
17,10,2,5,2
17,10,2,6,2
17,10,2,7,2
17,10,2,8,2
17,10,8,1,1
17,10,8,2,2
17,10,8,3,1
17,10,8,4,1
17,10,8,5,2
17,10,8,6,2
17,10,8,7,2
17,10,8,8,2
17,10,21,1,1
17,10,21,2,2
17,10,21,3,1
17,10,21,4,1
17,10,21,5,1
17,10,21,6,2
17,10,21,7,2
17,10,21,8,2
17,10,31,1,1
17,10,31,2,2
17,10,31,3,2
17,10,31,4,1
17,10,31,5,2
17,10,31,6,2
17,10,31,7,2
17,10,31,8,2
17,11,4,1,2
17,11,4,2,1
17,11,4,3,2
17,11,4,4,2
17,11,4,5,2
17,11,4,6,2
17,11,4,7,2
17,11,4,8,2
17,11,7,1,1
17,11,7,2,1
17,11,7,3,1
17,11,7,4,1
17,11,7,5,1
17,11,7,6,2
17,11,7,7,2
17,11,7,8,2
17,11,13,1,2
17,11,13,2,1
17,11,13,3,1
17,11,13,4,2
17,11,13,5,2
17,11,13,6,2
17,11,13,7,2
17,11,13,8,2
17,12,12,1,1
17,12,12,2,1
17,12,12,3,1
17,12,12,4,2
17,12,12,5,2
17,12,12,6,2
17,12,12,7,1
17,12,12,8,2
18,1,6,1,1
18,1,6,2,1
18,1,6,3,2
18,1,6,4,2
18,1,6,5,1
18,1,6,6,2
18,1,6,7,2
18,1,6,8,2
18,1,11,1,1
18,1,11,2,2
18,1,11,3,2
18,1,11,4,2
18,1,11,5,2
18,1,11,6,2
18,1,11,7,2
18,1,11,8,2
18,1,22,1,1
18,1,22,2,1
18,1,22,3,2
18,1,22,4,2
18,1,22,5,2
18,1,22,6,1
18,1,22,7,2
18,1,22,8,2
18,1,28,1,2
18,1,28,2,1
18,1,28,3,2
18,1,28,4,2
18,1,28,5,2
18,1,28,6,1
18,1,28,7,2
18,1,28,8,2
18,1,31,1,2
18,1,31,2,1
18,1,31,3,2
18,1,31,4,2
18,1,31,5,2
18,1,31,6,2
18,1,31,7,2
18,1,31,8,2
18,1,49,1,2
18,1,49,2,1
18,1,49,3,1
18,1,49,4,1
18,1,49,5,2
18,1,49,6,2
18,1,49,7,2
18,1,49,8,2
18,1,50,1,2
18,1,50,2,2
18,1,50,3,2
18,1,50,4,2
18,1,50,5,1
18,1,50,6,2
18,1,50,7,2
18,1,50,8,2
18,1,85,1,2
18,1,85,2,1
18,1,85,3,2
18,1,85,4,2
18,1,85,5,2
18,1,85,6,2
18,1,85,7,2
18,1,85,8,2
18,2,3,1,1
18,2,3,2,2
18,2,3,3,2
18,2,3,4,2
18,2,3,5,2
18,2,3,6,2
18,2,3,7,2
18,2,3,8,2
18,2,17,1,2
18,2,17,2,1
18,2,17,3,2
18,2,17,4,2
18,2,17,5,2
18,2,17,6,2
18,2,17,7,2
18,2,17,8,2
18,2,44,1,2
18,2,44,2,2
18,2,44,3,1
18,2,44,4,1
18,2,44,5,1
18,2,44,6,2
18,2,44,7,2
18,2,44,8,2
18,3,1,1,2
18,3,1,2,1
18,3,1,3,2
18,3,1,4,2
18,3,1,5,2
18,3,1,6,2
18,3,1,7,2
18,3,1,8,2
18,3,5,1,1
18,3,5,2,2
18,3,5,3,2
18,3,5,4,2
18,3,5,5,2
18,3,5,6,2
18,3,5,7,2
18,3,5,8,2
18,3,9,1,2
18,3,9,2,1
18,3,9,3,2
18,3,9,4,2
18,3,9,5,2
18,3,9,6,2
18,3,9,7,2
18,3,9,8,2
18,4,5,1,1
18,4,5,2,1
18,4,5,3,1
18,4,5,4,2
18,4,5,5,2
18,4,5,6,2
18,4,5,7,2
18,4,5,8,2
18,4,32,1,2
18,4,32,2,1
18,4,32,3,1
18,4,32,4,1
18,4,32,5,1
18,4,32,6,2
18,4,32,7,2
18,4,32,8,2
18,4,33,1,2
18,4,33,2,1
18,4,33,3,1
18,4,33,4,2
18,4,33,5,2
18,4,33,6,2
18,4,33,7,2
18,4,33,8,2
18,5,2,1,1
18,5,2,2,2
18,5,2,3,2
18,5,2,4,2
18,5,2,5,2
18,5,2,6,2
18,5,2,7,2
18,5,2,8,2
18,5,11,1,2
18,5,11,2,1
18,5,11,3,1
18,5,11,4,2
18,5,11,5,2
18,5,11,6,2
18,5,11,7,2
18,5,11,8,2
18,5,59,1,2
18,5,59,2,1
18,5,59,3,2
18,5,59,4,2
18,5,59,5,2
18,5,59,6,2
18,5,59,7,2
18,5,59,8,2
19,1,2,1,2
19,1,2,2,2
19,1,2,3,2
19,1,2,4,2
19,1,2,5,2
19,1,2,6,2
19,1,2,7,2
19,1,2,8,1
19,1,5,1,1
19,1,5,2,2
19,1,5,3,2
19,1,5,4,2
19,1,5,5,2
19,1,5,6,2
19,1,5,7,2
19,1,5,8,2
19,1,24,1,1
19,1,24,2,2
19,1,24,3,2
19,1,24,4,2
19,1,24,5,2
19,1,24,6,2
19,1,24,7,2
19,1,24,8,1
19,1,30,1,2
19,1,30,2,1
19,1,30,3,1
19,1,30,4,2
19,1,30,5,2
19,1,30,6,2
19,1,30,7,2
19,1,30,8,2
19,1,58,1,2
19,1,58,2,1
19,1,58,3,1
19,1,58,4,1
19,1,58,5,2
19,1,58,6,2
19,1,58,7,2
19,1,58,8,2
19,4,5,1,1
19,4,5,2,1
19,4,5,3,2
19,4,5,4,2
19,4,5,5,1
19,4,5,6,1
19,4,5,7,2
19,4,5,8,2
19,4,21,1,2
19,4,21,2,1
19,4,21,3,2
19,4,21,4,2
19,4,21,5,2
19,4,21,6,2
19,4,21,7,2
19,4,21,8,2
19,9,2,1,1
19,9,2,2,2
19,9,2,3,2
19,9,2,4,2
19,9,2,5,2
19,9,2,6,2
19,9,2,7,2
19,9,2,8,2
20,1,6,1,2
20,1,6,2,1
20,1,6,3,2
20,1,6,4,1
20,1,6,5,2
20,1,6,6,2
20,1,6,7,2
20,1,6,8,2
20,1,60,1,1
20,1,60,2,2
20,1,60,3,2
20,1,60,4,2
20,1,60,5,2
20,1,60,6,2
20,1,60,7,2
20,1,60,8,2
20,4,1,1,2
20,4,1,2,2
20,4,1,3,2
20,4,1,4,2
20,4,1,5,2
20,4,1,6,2
20,4,1,7,2
20,4,1,8,1
20,5,3,1,2
20,5,3,2,1
20,5,3,3,1
20,5,3,4,2
20,5,3,5,2
20,5,3,6,2
20,5,3,7,2
20,5,3,8,2
20,7,9,1,1
20,7,9,2,1
20,7,9,3,2
20,7,9,4,1
20,7,9,5,2
20,7,9,6,2
20,7,9,7,2
20,7,9,8,2
20,7,23,1,1
20,7,23,2,1
20,7,23,3,2
20,7,23,4,2
20,7,23,5,2
20,7,23,6,2
20,7,23,7,2
20,7,23,8,2
21,1,6,1,1
21,1,6,2,1
21,1,6,3,1
21,1,6,4,2
21,1,6,5,2
21,1,6,6,2
21,1,6,7,1
21,1,6,8,2
21,1,14,1,2
21,1,14,2,2
21,1,14,3,1
21,1,14,4,2
21,1,14,5,2
21,1,14,6,2
21,1,14,7,2
21,1,14,8,2
21,1,19,1,1
21,1,19,2,2
21,1,19,3,2
21,1,19,4,2
21,1,19,5,2
21,1,19,6,2
21,1,19,7,2
21,1,19,8,2
21,1,26,1,2
21,1,26,2,1
21,1,26,3,1
21,1,26,4,1
21,1,26,5,2
21,1,26,6,2
21,1,26,7,2
21,1,26,8,2
21,1,30,1,2
21,1,30,2,1
21,1,30,3,2
21,1,30,4,1
21,1,30,5,2
21,1,30,6,2
21,1,30,7,2
21,1,30,8,2
21,1,39,1,2
21,1,39,2,1
21,1,39,3,1
21,1,39,4,1
21,1,39,5,2
21,1,39,6,2
21,1,39,7,2
21,1,39,8,2
21,1,44,1,2
21,1,44,2,1
21,1,44,3,1
21,1,44,4,1
21,1,44,5,1
21,1,44,6,2
21,1,44,7,2
21,1,44,8,2
21,1,52,1,1
21,1,52,2,1
21,1,52,3,1
21,1,52,4,2
21,1,52,5,2
21,1,52,6,2
21,1,52,7,2
21,1,52,8,2
21,1,68,1,1
21,1,68,2,2
21,1,68,3,1
21,1,68,4,1
21,1,68,5,2
21,1,68,6,2
21,1,68,7,2
21,1,68,8,2
21,1,92,1,2
21,1,92,2,1
21,1,92,3,1
21,1,92,4,1
21,1,92,5,2
21,1,92,6,2
21,1,92,7,2
21,1,92,8,2
21,2,16,1,2
21,2,16,2,1
21,2,16,3,1
21,2,16,4,1
21,2,16,5,2
21,2,16,6,2
21,2,16,7,2
21,2,16,8,2
21,2,22,1,2
21,2,22,2,2
21,2,22,3,1
21,2,22,4,1
21,2,22,5,2
21,2,22,6,2
21,2,22,7,2
21,2,22,8,2
21,2,35,1,2
21,2,35,2,2
21,2,35,3,2
21,2,35,4,1
21,2,35,5,2
21,2,35,6,2
21,2,35,7,2
21,2,35,8,2
21,3,1,1,2
21,3,1,2,1
21,3,1,3,2
21,3,1,4,2
21,3,1,5,2
21,3,1,6,2
21,3,1,7,2
21,3,1,8,2
21,3,13,1,2
21,3,13,2,1
21,3,13,3,1
21,3,13,4,1
21,3,13,5,2
21,3,13,6,2
21,3,13,7,2
21,3,13,8,2
21,3,22,1,2
21,3,22,2,1
21,3,22,3,1
21,3,22,4,1
21,3,22,5,1
21,3,22,6,2
21,3,22,7,2
21,3,22,8,2
21,5,1,1,1
21,5,1,2,1
21,5,1,3,1
21,5,1,4,1
21,5,1,5,1
21,5,1,6,2
21,5,1,7,2
21,5,1,8,2
21,5,7,1,2
21,5,7,2,1
21,5,7,3,1
21,5,7,4,1
21,5,7,5,1
21,5,7,6,2
21,5,7,7,2
21,5,7,8,2
21,7,3,1,1
21,7,3,2,1
21,7,3,3,1
21,7,3,4,1
21,7,3,5,2
21,7,3,6,2
21,7,3,7,2
21,7,3,8,2
22,1,11,1,2
22,1,11,2,1
22,1,11,3,2
22,1,11,4,2
22,1,11,5,2
22,1,11,6,2
22,1,11,7,2
22,1,11,8,2
22,1,25,1,2
22,1,25,2,1
22,1,25,3,1
22,1,25,4,1
22,1,25,5,2
22,1,25,6,2
22,1,25,7,2
22,1,25,8,2
22,1,47,1,2
22,1,47,2,1
22,1,47,3,1
22,1,47,4,1
22,1,47,5,2
22,1,47,6,2
22,1,47,7,2
22,1,47,8,2
22,1,60,1,1
22,1,60,2,2
22,1,60,3,2
22,1,60,4,1
22,1,60,5,2
22,1,60,6,2
22,1,60,7,2
22,1,60,8,2
22,1,75,1,2
22,1,75,2,1
22,1,75,3,1
22,1,75,4,2
22,1,75,5,2
22,1,75,6,2
22,1,75,7,2
22,1,75,8,2
22,1,89,1,2
22,1,89,2,1
22,1,89,3,1
22,1,89,4,1
22,1,89,5,2
22,1,89,6,2
22,1,89,7,2
22,1,89,8,2
22,1,111,1,2
22,1,111,2,1
22,1,111,3,2
22,1,111,4,2
22,1,111,5,2
22,1,111,6,2
22,1,111,7,2
22,1,111,8,2
22,2,4,1,1
22,2,4,2,1
22,2,4,3,1
22,2,4,4,2
22,2,4,5,2
22,2,4,6,2
22,2,4,7,2
22,2,4,8,2
22,3,27,1,2
22,3,27,2,1
22,3,27,3,2
22,3,27,4,1
22,3,27,5,2
22,3,27,6,2
22,3,27,7,2
22,3,27,8,2
22,6,1,1,2
22,6,1,2,1
22,6,1,3,1
22,6,1,4,1
22,6,1,5,2
22,6,1,6,2
22,6,1,7,2
22,6,1,8,2
22,11,7,1,2
22,11,7,2,1
22,11,7,3,1
22,11,7,4,1
22,11,7,5,2
22,11,7,6,2
22,11,7,7,2
22,11,7,8,2
22,11,8,1,2
22,11,8,2,1
22,11,8,3,2
22,11,8,4,1
22,11,8,5,2
22,11,8,6,2
22,11,8,7,2
22,11,8,8,2
22,13,4,1,2
22,13,4,2,1
22,13,4,3,2
22,13,4,4,2
22,13,4,5,2
22,13,4,6,2
22,13,4,7,2
22,13,4,8,2
